<?xml version="1.0" encoding="UTF-8"?>
<!DOCTYPE suite SYSTEM "http://testng.org/testng-1.0.dtd">
<suite name="Suite" parallel="tests" thread-count="5">
  <test  name="TestOnchrome">
  <parameter name="Mybrowser" value="chrome"></parameter>
    <classes>
      <class name="Demo.multiplebrowserTesting"/>
    </classes>
  </test>
  <test  name="TestOnfirefox">
  <parameter name="BrowserName" value="firefox"></parameter>
    <classes>
      <class name="Demo.multiplebrowserTesting"/>
    </classes>
  </test>
   
</suite> <!-- Suite -->
